Id,Nome,SobreNome,Email,Genero,Idade
1,Taffy,Pendlenton,tpendlenton0@cyberchimps.com,F,40
2,Virgie,Oager,voager1@pbs.org,F,90
3,Trstram,Beardwell,tbeardwell2@chicagotribune.com,M,90
4,Gerick,Breston,gbreston3@google.com.hk,M,84
5,Anthony,Boyton,aboyton4@cbc.ca,M,72
6,Ervin,Trump,etrump5@sciencedaily.com,M,89
7,Darbee,Freshwater,dfreshwater6@acquirethisname.com,M,82
8,Jaimie,Dubarry,jdubarry7@google.es,M,64
9,Valeda,Ashwin,vashwin8@youku.com,F,71
10,Clayborn,Von Helmholtz,cvonhelmholtz9@rediff.com,M,26
11,Lenka,Crevagh,lcrevagha@nba.com,F,69
12,Caldwell,Dyke,cdykeb@ehow.com,M,24
13,Flinn,Edwicke,fedwickec@wsj.com,M,27
14,Pinchas,Foad,pfoadd@dmoz.org,M,73
15,Jacenta,Lounds,jloundse@whitehouse.gov,F,39
16,Gigi,Papps,gpappsf@cbc.ca,F,20
17,Lynde,Rihosek,lrihosekg@networkadvertising.org,F,51
18,Sidney,MacCole,smaccoleh@wordpress.org,M,88
19,Vannie,Sandever,vsandeveri@opensource.org,F,30
20,Ban,Nelthropp,bnelthroppj@walmart.com,M,53
21,Kylie,Huffer,khufferk@cbc.ca,F,79
22,Pietro,Mapam,pmapaml@noaa.gov,M,63
23,Kelwin,Ladlow,kladlowm@hatena.ne.jp,M,26
24,Germaine,Ghidetti,gghidettin@51.la,M,58
25,Cecil,Jorger,cjorgero@nifty.com,M,37
26,Farley,Farnfield,ffarnfieldp@sun.com,M,64
27,Diane-marie,Cultcheth,dcultchethq@upenn.edu,F,82
28,Salomi,Corkitt,scorkittr@typepad.com,F,39
29,Early,Fanthome,efanthomes@huffingtonpost.com,M,77
30,Barnie,Payton,bpaytont@utexas.edu,M,25
31,Angelico,Barsby,abarsbyu@reference.com,M,85
32,Regan,MacAne,rmacanev@blinklist.com,F,36
33,Sandy,Tomkins,stomkinsw@cocolog-nifty.com,F,41
34,Freddy,Antczak,fantczakx@mayoclinic.com,M,36
35,Jacinda,Colyer,jcolyery@bluehost.com,F,36
36,Edita,Peck,epeckz@qq.com,F,49
37,Merry,Mochan,mmochan10@aol.com,M,55
38,Alexi,Rosingdall,arosingdall11@tinyurl.com,F,58
39,Donella,Egle of Germany,degleofgermany12@issuu.com,F,53
40,Stanislaus,Belham,sbelham13@columbia.edu,M,64
41,Teodoro,O'Carran,tocarran14@twitter.com,M,44
42,Celia,Alliberton,calliberton15@posterous.com,F,25
43,Felipe,Paquet,fpaquet16@g.co,M,27
44,Jeth,Park,jpark17@hc360.com,M,36
45,Tova,MacGown,tmacgown18@phoca.cz,F,77
46,Kally,Ogger,kogger19@mozilla.org,F,60
47,Christiano,Randles,crandles1a@ed.gov,M,41
48,Meara,Slee,mslee1b@wikimedia.org,F,61
49,Tobit,Allsobrook,tallsobrook1c@engadget.com,M,51
50,Berkie,Lahy,blahy1d@newyorker.com,M,67
51,Carla,Crosskill,ccrosskill1e@ovh.net,F,25
52,Robin,Bonifazio,rbonifazio1f@auda.org.au,M,29
53,Pooh,Burland,pburland1g@jiathis.com,F,42
54,Chuck,Rainard,crainard1h@timesonline.co.uk,M,43
55,Kimberly,Gibbens,kgibbens1i@amazon.de,F,54
56,Barny,Simo,bsimo1j@si.edu,M,44
57,Vivien,Feehily,vfeehily1k@statcounter.com,F,85
58,Merilee,Izat,mizat1l@netlog.com,F,34
59,Helena,Cossey,hcossey1m@economist.com,F,76
60,Carroll,Piddocke,cpiddocke1n@ft.com,F,49
61,Antonella,Cathery,acathery1o@canalblog.com,F,78
62,Even,Somerville,esomerville1p@salon.com,M,47
63,Robinette,Tedder,rtedder1q@forbes.com,F,20
64,Rorie,Worman,rworman1r@wsj.com,F,24
65,Rolfe,Jukes,rjukes1s@slideshare.net,M,35
66,Trixi,Emson,temson1t@digg.com,F,39
67,Waly,Gulliford,wgulliford1u@nih.gov,F,40
68,Daisi,Balk,dbalk1v@independent.co.uk,F,32
69,Blayne,Stanistrete,bstanistrete1w@nih.gov,M,47
70,Mureil,Grcic,mgrcic1x@mayoclinic.com,F,60
71,Egor,Spragg,espragg1y@artisteer.com,M,54
72,Linnell,Mac,lmac1z@ow.ly,F,40
73,Forrester,Dyche,fdyche20@addthis.com,M,60
74,Katti,Skitral,kskitral21@facebook.com,F,77
75,Ivonne,Bevan,ibevan22@walmart.com,F,83
76,Gaston,Ramirez,gramirez23@vinaora.com,M,40
77,Orin,Roscow,oroscow24@livejournal.com,M,44
78,Izak,Pescod,ipescod25@shutterfly.com,M,51
79,Rosaline,Trebble,rtrebble26@youku.com,F,59
80,Cesar,Tibb,ctibb27@ft.com,M,71
81,Hyacintha,Patters,hpatters28@canalblog.com,F,74
82,Lyndsay,Dumphrey,ldumphrey29@amazonaws.com,F,88
83,Temple,Landers,tlanders2a@unc.edu,M,52
84,Ab,Jenkinson,ajenkinson2b@yellowbook.com,M,64
85,Johnathan,Ambridge,jambridge2c@sourceforge.net,M,52
86,Thom,Shakesbye,tshakesbye2d@indiegogo.com,M,81
87,Gert,Matevosian,gmatevosian2e@ed.gov,F,90
88,Mervin,Tooting,mtooting2f@ucsd.edu,M,28
89,Alfonse,Sandercock,asandercock2g@bloglines.com,M,75
90,Simonne,Quirke,squirke2h@gravatar.com,F,52
91,Ogdon,Chicchetto,ochicchetto2i@webnode.com,M,59
92,Umberto,Kopelman,ukopelman2j@yale.edu,M,40
93,Kalli,Willey,kwilley2k@nps.gov,F,64
94,Drusi,Slogrove,dslogrove2l@forbes.com,F,60
95,Barry,Pook,bpook2m@google.com.hk,M,38
96,Bessie,McRory,bmcrory2n@wiley.com,F,39
97,Alla,Redgate,aredgate2o@t.co,F,53
98,Lennie,Blasetti,lblasetti2p@telegraph.co.uk,M,71
99,Sig,Simeon,ssimeon2q@free.fr,M,68
100,Otes,MacComiskey,omaccomiskey2r@google.cn,M,29
101,Evvy,Ganley,eganley2s@huffingtonpost.com,F,43
102,Fedora,Bigmore,fbigmore2t@multiply.com,F,81
103,Keir,Feldman,kfeldman2u@chron.com,M,64
104,Doe,Saterthwait,dsaterthwait2v@imdb.com,F,42
105,Nelli,Tregea,ntregea2w@google.cn,F,84
106,Web,Scottesmoor,wscottesmoor2x@dell.com,M,70
107,Florentia,Laminman,flaminman2y@woothemes.com,F,76
108,Carly,Elgood,celgood2z@timesonline.co.uk,M,68
109,Orbadiah,Casone,ocasone30@purevolume.com,M,71
110,Lorine,Straine,lstraine31@fastcompany.com,F,65
111,Annis,Jex,ajex32@state.gov,F,53
112,Dominic,Hendriks,dhendriks33@youtu.be,M,20
113,Kass,Hinrich,khinrich34@smh.com.au,F,85
114,Tybi,Gilfillan,tgilfillan35@salon.com,F,52
115,Annis,Surfleet,asurfleet36@time.com,F,29
116,Marcelle,Kyne,mkyne37@gizmodo.com,F,33
117,Frankie,Kirkham,fkirkham38@domainmarket.com,F,57
118,Luciano,Searsby,lsearsby39@sina.com.cn,M,53
119,Preston,Piet,ppiet3a@nydailynews.com,M,89
120,Jeremias,Pauncefoot,jpauncefoot3b@si.edu,M,18
121,Flor,Shemelt,fshemelt3c@state.gov,F,59
122,Mufi,Lamburne,mlamburne3d@time.com,F,74
123,Melantha,Kennifeck,mkennifeck3e@weibo.com,F,29
124,Maddie,Wyss,mwyss3f@google.com,M,24
125,Shurwood,Desbrow,sdesbrow3g@exblog.jp,M,39
126,Kile,Rustidge,krustidge3h@livejournal.com,M,64
127,Darcy,LAbbet,dlabbet3i@cornell.edu,F,20
128,Jodie,Sabine,jsabine3j@alexa.com,F,54
129,Blaine,Mead,bmead3k@unblog.fr,M,47
130,Livvyy,Allnutt,lallnutt3l@wordpress.com,F,31
131,Vergil,Parcells,vparcells3m@upenn.edu,M,27
132,Nealon,Cradick,ncradick3n@phpbb.com,M,68
133,Fairleigh,Blei,fblei3o@alibaba.com,M,42
134,Jo,Mattingson,jmattingson3p@ucsd.edu,F,40
135,Mozes,Hawney,mhawney3q@intel.com,M,35
136,Hillel,McMorran,hmcmorran3r@weather.com,M,38
137,Jakob,Benyan,jbenyan3s@chronoengine.com,M,38
138,Dyane,Hein,dhein3t@tinypic.com,F,29
139,Juli,Gwynne,jgwynne3u@istockphoto.com,F,30
140,Aloise,Barnicott,abarnicott3v@over-blog.com,F,88
141,Gaultiero,Disney,gdisney3w@google.com.au,M,50
142,Aubrey,Leyborne,aleyborne3x@squarespace.com,F,90
143,Joy,Darko,jdarko3y@51.la,F,24
144,Saxon,Shewen,sshewen3z@craigslist.org,M,73
145,Berta,Wicklin,bwicklin40@xinhuanet.com,F,74
146,Brit,Scyone,bscyone41@twitter.com,M,70
147,Hilliary,Triner,htriner42@wikia.com,F,73
148,Carine,GiacobbiniJacob,cgiacobbinijacob43@webeden.co.uk,F,90
149,Hernando,de Guise,hdeguise44@imageshack.us,M,84
150,Lance,Noyce,lnoyce45@chron.com,M,65
151,Julia,Nutbean,jnutbean46@dagondesign.com,F,60
152,Clayborne,Mullard,cmullard47@fema.gov,M,21
153,Vevay,Basnett,vbasnett48@nps.gov,F,69
154,Prudy,Traves,ptraves49@clickbank.net,F,83
155,Chantal,Leyban,cleyban4a@utexas.edu,F,51
156,Carl,Haily,chaily4b@hao123.com,M,53
157,Elsi,Raysdale,eraysdale4c@typepad.com,F,80
158,Darcey,Picker,dpicker4d@theguardian.com,F,43
159,Skell,Stokey,sstokey4e@google.es,M,73
160,Ricoriki,Dukelow,rdukelow4f@plala.or.jp,M,28
161,Ianthe,Legat,ilegat4g@t.co,F,26
162,Melessa,Ridgley,mridgley4h@mapquest.com,F,39
163,Zolly,Espinha,zespinha4i@gmpg.org,M,88
164,Brew,Marney,bmarney4j@cargocollective.com,M,25
165,Brinna,Eveleigh,beveleigh4k@soundcloud.com,F,55
166,Ave,Buff,abuff4l@addthis.com,M,34
167,Hilliard,Emptage,hemptage4m@army.mil,M,73
168,Sosanna,Steadman,ssteadman4n@blogspot.com,F,52
169,Valentino,Grenkov,vgrenkov4o@gnu.org,M,69
170,Stefano,Berka,sberka4p@msu.edu,M,40
171,Karen,Paolucci,kpaolucci4q@histats.com,F,49
172,Kimberlyn,Sodo,ksodo4r@noaa.gov,F,50
173,Clay,Meininking,cmeininking4s@toplist.cz,M,87
174,Dalston,Sebert,dsebert4t@google.fr,M,23
175,Elvin,Norcock,enorcock4u@umich.edu,M,40
176,Marian,Leaman,mleaman4v@mozilla.com,F,29
177,Odilia,Shenton,oshenton4w@spotify.com,F,74
178,Agnese,Scheu,ascheu4x@census.gov,F,38
179,Mathilde,Gomersall,mgomersall4y@booking.com,F,59
180,Jamal,Easthope,jeasthope4z@mozilla.org,M,52
181,Sharl,Burnsyde,sburnsyde50@tuttocitta.it,F,52
182,Nollie,Mee,nmee51@weibo.com,F,22
183,Tobye,Coverdale,tcoverdale52@house.gov,F,46
184,Roddy,Gowar,rgowar53@seattletimes.com,M,51
185,Corby,O'Hannigan,cohannigan54@apache.org,M,35
186,Peirce,Theze,ptheze55@qq.com,M,71
187,Corette,Mardoll,cmardoll56@nih.gov,F,18
188,Herculie,McKilroe,hmckilroe57@merriam-webster.com,M,28
189,Irwin,Mangeney,imangeney58@google.co.uk,M,39
190,Linn,Zuanazzi,lzuanazzi59@prweb.com,F,45
191,Elysee,Lucas,elucas5a@deviantart.com,F,18
192,Oren,Attkins,oattkins5b@sciencedirect.com,M,48
193,Clarke,Odhams,codhams5c@artisteer.com,M,67
194,Christin,Carvil,ccarvil5d@behance.net,F,84
195,Dido,Karel,dkarel5e@unesco.org,F,20
196,Karlens,Gilkison,kgilkison5f@nih.gov,M,79
197,Keir,Hourigan,khourigan5g@geocities.com,M,82
198,Chloe,Mounch,cmounch5h@dot.gov,F,29
199,Cam,Cornthwaite,ccornthwaite5i@omniture.com,F,86
200,Virginia,Elmer,velmer5j@vk.com,F,54
201,Kimmy,Geistbeck,kgeistbeck5k@jigsy.com,F,18
202,Noby,McGawn,nmcgawn5l@pinterest.com,M,76
203,Taryn,Gutridge,tgutridge5m@seesaa.net,F,18
204,Lee,Padberry,lpadberry5n@smugmug.com,F,77
205,Chrotoem,Proffitt,cproffitt5o@guardian.co.uk,M,40
206,Barbie,Dimberline,bdimberline5p@cbsnews.com,F,77
207,Mufi,Guiton,mguiton5q@fc2.com,F,62
208,Yard,Ellery,yellery5r@ebay.com,M,86
209,Bernette,Wilcot,bwilcot5s@wordpress.org,F,60
210,Terrel,Izatson,tizatson5t@icio.us,M,68
211,Michaela,Gebhardt,mgebhardt5u@independent.co.uk,F,30
212,Duffy,Poser,dposer5v@webeden.co.uk,M,47
213,Derek,Lingard,dlingard5w@cisco.com,M,34
214,Jehanna,Toohey,jtoohey5x@sitemeter.com,F,34
215,Cordelia,Dounbare,cdounbare5y@sphinn.com,F,42
216,Jaime,MacCosto,jmaccosto5z@slideshare.net,M,43
217,Mickey,Verny,mverny60@zimbio.com,M,45
218,Phillipp,McVity,pmcvity61@tinypic.com,M,56
219,Jameson,McAlarney,jmcalarney62@merriam-webster.com,M,73
220,Constance,Danev,cdanev63@nymag.com,F,29
221,Kassandra,Bunker,kbunker64@nba.com,F,70
222,Sammie,Jeste,sjeste65@mac.com,M,46
223,Susanna,Sails,ssails66@desdev.cn,F,55
224,Calida,Sandcraft,csandcraft67@thetimes.co.uk,F,33
225,Chan,Wenderoth,cwenderoth68@state.gov,M,33
226,Jule,Stoade,jstoade69@multiply.com,M,49
227,Demetris,Sammars,dsammars6a@ucoz.ru,M,55
228,Janeta,Foley,jfoley6b@creativecommons.org,F,71
229,Kimbell,Smithyman,ksmithyman6c@auda.org.au,M,86
230,Joelie,Cawdell,jcawdell6d@e-recht24.de,F,49
231,Odilia,Zima,ozima6e@studiopress.com,F,52
232,Fletcher,Brougham,fbrougham6f@dagondesign.com,M,20
233,Dorothee,Caddie,dcaddie6g@noaa.gov,F,20
234,Analise,Texton,atexton6h@nih.gov,F,50
235,Zack,Barratt,zbarratt6i@woothemes.com,M,29
236,Allene,Crosse,acrosse6j@indiatimes.com,F,88
237,Arni,Goodanew,agoodanew6k@usda.gov,M,32
238,Noelyn,Radloff,nradloff6l@newyorker.com,F,51
239,Nikola,Sankey,nsankey6m@blogs.com,M,74
240,Leonid,Gilfillan,lgilfillan6n@un.org,M,25
241,Allyn,Penhaligon,apenhaligon6o@edublogs.org,M,89
242,Stephani,Loxston,sloxston6p@csmonitor.com,F,40
243,Martha,Boole,mboole6q@army.mil,F,69
244,Norean,Antonov,nantonov6r@nbcnews.com,F,30
245,Duff,Hoffner,dhoffner6s@stanford.edu,M,27
246,Temple,Atterbury,tatterbury6t@google.com.au,M,84
247,Stefano,Dayborne,sdayborne6u@bbb.org,M,52
248,Arte,Ferandez,aferandez6v@independent.co.uk,M,24
249,Mirilla,Redpath,mredpath6w@answers.com,F,58
250,Amalie,Pardew,apardew6x@cnn.com,F,43
251,Jorie,Brumwell,jbrumwell6y@nba.com,F,20
252,Wilbert,Epton,wepton6z@bbb.org,M,22
253,Ameline,Benbough,abenbough70@rambler.ru,F,26
254,Briney,Arlt,barlt71@github.com,F,90
255,Almeda,Dows,adows72@etsy.com,F,87
256,Barthel,Itzhak,bitzhak73@msn.com,M,40
257,Debora,Lethcoe,dlethcoe74@theglobeandmail.com,F,48
258,Axel,Brundale,abrundale75@epa.gov,M,56
259,Nancee,Daviddi,ndaviddi76@technorati.com,F,74
260,Consolata,Dawidowsky,cdawidowsky77@google.com.au,F,54
261,Adi,Petrak,apetrak78@yellowbook.com,F,44
262,Ermanno,Devall,edevall79@pcworld.com,M,37
263,Isadore,Decruse,idecruse7a@nytimes.com,M,18
264,Waylin,Rankling,wrankling7b@earthlink.net,M,62
265,Jill,Chetham,jchetham7c@google.nl,F,34
266,Jonah,Scutts,jscutts7d@123-reg.co.uk,M,64
267,Darill,Shevlane,dshevlane7e@qq.com,M,69
268,Dickie,Ruselin,druselin7f@csmonitor.com,M,29
269,Stearne,Hambelton,shambelton7g@columbia.edu,M,70
270,Hadrian,Dover,hdover7h@businesswire.com,M,71
271,Boothe,Bruton,bbruton7i@seesaa.net,M,31
272,Bogey,Dewdney,bdewdney7j@indiatimes.com,M,27
273,Juline,Wincott,jwincott7k@php.net,F,82
274,Carole,Sawell,csawell7l@tinypic.com,F,59
275,Charil,Kingwell,ckingwell7m@nyu.edu,F,39
276,Claribel,Deeson,cdeeson7n@ebay.com,F,32
277,Ax,Grimolbie,agrimolbie7o@unesco.org,M,89
278,Augusto,Fullom,afullom7p@umich.edu,M,27
279,Amandi,Oaks,aoaks7q@ehow.com,F,39
280,Pebrook,Southouse,psouthouse7r@typepad.com,M,33
281,Kyle,McLice,kmclice7s@about.me,F,60
282,Ashlen,Reddoch,areddoch7t@java.com,F,68
283,Jandy,Matusovsky,jmatusovsky7u@nyu.edu,F,62
284,Guy,Lowing,glowing7v@pinterest.com,M,90
285,Anne,Wetton,awetton7w@paypal.com,F,44
286,Dorothy,Tasseler,dtasseler7x@bigcartel.com,F,20
287,Kelley,Quinnette,kquinnette7y@soundcloud.com,M,43
288,Camellia,Sones,csones7z@xrea.com,F,81
289,Sammy,Eager,seager80@dedecms.com,F,64
290,Hanan,Hellmer,hhellmer81@boston.com,M,51
291,L;urette,Denham,ldenham82@youtu.be,F,84
292,Lulu,Deam,ldeam83@businessinsider.com,F,39
293,Valenka,Attwool,vattwool84@blog.com,F,86
294,Thurston,Ianiello,tianiello85@printfriendly.com,M,32
295,Andee,Barton,abarton86@bbb.org,F,57
296,Avery,Underhill,aunderhill87@ameblo.jp,M,29
297,Cris,Bellocht,cbellocht88@elegantthemes.com,M,77
298,Siffre,Arons,sarons89@discuz.net,M,31
299,Terese,Sillick,tsillick8a@ask.com,F,64
300,Alida,Crowe,acrowe8b@nbcnews.com,F,38
301,Corri,Dalinder,cdalinder8c@usatoday.com,F,19
302,Bianka,Riordan,briordan8d@quantcast.com,F,45
303,Cirstoforo,Fewster,cfewster8e@phpbb.com,M,21
304,Arnold,Aspinwall,aaspinwall8f@hhs.gov,M,54
305,Benetta,Kleiser,bkleiser8g@a8.net,F,28
306,Pollyanna,Blackey,pblackey8h@devhub.com,F,38
307,Mehetabel,Morphew,mmorphew8i@intel.com,F,69
308,Teressa,Caddick,tcaddick8j@barnesandnoble.com,F,53
309,Syman,Stayte,sstayte8k@squidoo.com,M,51
310,Raquela,Newarte,rnewarte8l@creativecommons.org,F,86
311,Cherish,Krimmer,ckrimmer8m@exblog.jp,F,41
312,Gardener,Bailess,gbailess8n@house.gov,M,85
313,Arri,Lennie,alennie8o@taobao.com,M,44
314,Wenonah,Castilla,wcastilla8p@cnn.com,F,51
315,Rodolph,Thripp,rthripp8q@apache.org,M,66
316,Miriam,Twyford,mtwyford8r@samsung.com,F,68
317,Berti,Corse,bcorse8s@mlb.com,M,32
318,Allyson,Dickens,adickens8t@clickbank.net,F,82
319,Rafael,Debell,rdebell8u@tiny.cc,M,69
320,Gayle,Chestle,gchestle8v@umich.edu,M,53
321,Liane,McCourtie,lmccourtie8w@addthis.com,F,63
322,Coleman,Eckery,ceckery8x@joomla.org,M,44
323,Ynes,Parkins,yparkins8y@multiply.com,F,27
324,Justino,McLauchlin,jmclauchlin8z@bbc.co.uk,M,83
325,Sanderson,Sagar,ssagar90@amazon.co.uk,M,57
326,Fitz,Lorent,florent91@ucoz.ru,M,76
327,Leslie,Beecraft,lbeecraft92@yelp.com,M,46
328,Berk,Brason,bbrason93@va.gov,M,82
329,Juieta,Gapp,jgapp94@prweb.com,F,37
330,Jorey,Moyers,jmoyers95@addthis.com,F,74
331,Kyrstin,Diwell,kdiwell96@amazon.com,F,86
332,Ellie,Wilmore,ewilmore97@slideshare.net,F,76
333,Andrea,Pagitt,apagitt98@buzzfeed.com,F,72
334,Dewey,Hargrave,dhargrave99@chronoengine.com,M,86
335,Rozina,O'Sullivan,rosullivan9a@xing.com,F,19
336,Tymon,Paylie,tpaylie9b@yellowpages.com,M,86
337,Alikee,Anthonsen,aanthonsen9c@nature.com,F,40
338,Zachariah,De Michetti,zdemichetti9d@wired.com,M,44
339,Sidonia,Deaville,sdeaville9e@comcast.net,F,69
340,Luella,Gabotti,lgabotti9f@slashdot.org,F,32
341,Clim,Deveril,cdeveril9g@mac.com,M,66
342,Aurelea,Entres,aentres9h@spotify.com,F,89
343,Patrizia,Heather,pheather9i@dell.com,F,60
344,Anabal,Tucker,atucker9j@theatlantic.com,F,57
345,Loy,Bottle,lbottle9k@sfgate.com,M,36
346,Eugine,McGurn,emcgurn9l@smh.com.au,F,73
347,Opaline,Giberd,ogiberd9m@prlog.org,F,73
348,Kimberlyn,Celes,kceles9n@edublogs.org,F,61
349,Hoyt,Satchel,hsatchel9o@prweb.com,M,89
350,Humphrey,Clee,hclee9p@java.com,M,38
351,Dan,Dinnington,ddinnington9q@sourceforge.net,M,20
352,Allister,Heinsen,aheinsen9r@wordpress.com,M,38
353,Bing,Petyankin,bpetyankin9s@usda.gov,M,89
354,Meredith,Dybald,mdybald9t@amazon.de,F,20
355,Eileen,Deniskevich,edeniskevich9u@aol.com,F,26
356,Alta,Wrixon,awrixon9v@ask.com,F,52
357,Zachariah,Iacovolo,ziacovolo9w@imgur.com,M,30
358,Illa,Rudledge,irudledge9x@furl.net,F,21
359,Tootsie,Dickon,tdickon9y@about.me,F,55
360,Felizio,Elston,felston9z@ox.ac.uk,M,61
361,Marcelia,Bavridge,mbavridgea0@usda.gov,F,89
362,Dede,Taudevin,dtaudevina1@microsoft.com,F,52
363,Bartlett,Stanyon,bstanyona2@4shared.com,M,78
364,Katherina,Broadbridge,kbroadbridgea3@mapquest.com,F,50
365,Laney,Hancke,lhanckea4@narod.ru,M,23
366,Darline,Maling,dmalinga5@4shared.com,F,37
367,Melesa,Pervoe,mpervoea6@cocolog-nifty.com,F,69
368,Arlin,Montier,amontiera7@cyberchimps.com,M,38
369,Jordanna,Everest,jeveresta8@ox.ac.uk,F,37
370,Magdalene,Rean,mreana9@geocities.com,F,88
371,Vita,Redrup,vredrupaa@pagesperso-orange.fr,F,63
372,Ernaline,Stocks,estocksab@tinypic.com,F,43
373,Maurie,Kellogg,mkelloggac@washington.edu,M,23
374,Perren,Hamshere,phamsheread@amazon.co.jp,M,82
375,Sterne,Schoolcroft,sschoolcroftae@t-online.de,M,30
376,Colin,Feldmark,cfeldmarkaf@ted.com,M,82
377,Tremaine,Linay,tlinayag@skype.com,M,41
378,Georgette,Rides,gridesah@state.gov,F,77
379,Stanton,Derrington,sderringtonai@biblegateway.com,M,28
380,Demetri,Ciccottio,dciccottioaj@amazon.co.jp,M,67
381,Bevan,Schusterl,bschusterlak@hatena.ne.jp,M,27
382,Josefina,Pittway,jpittwayal@zimbio.com,F,23
383,Darell,Willingam,dwillingamam@dell.com,F,30
384,Gunner,Drake,gdrakean@cnbc.com,M,53
385,Redford,Cafferky,rcafferkyao@blogspot.com,M,81
386,Theadora,MacCaffery,tmaccafferyap@studiopress.com,F,28
387,Sherri,Dunnaway,sdunnawayaq@joomla.org,F,54
388,Bonny,Rameaux,brameauxar@cocolog-nifty.com,F,21
389,Annetta,Fitton,afittonas@gizmodo.com,F,77
390,Enos,Korpal,ekorpalat@irs.gov,M,61
391,Krystyna,Hallgate,khallgateau@xing.com,F,69
392,Nathanael,Youens,nyouensav@jigsy.com,M,62
393,Lars,Beckitt,lbeckittaw@cyberchimps.com,M,57
394,Fanechka,Cambling,fcamblingax@usgs.gov,F,44
395,Randy,Levesque,rlevesqueay@oakley.com,F,52
396,Elisabetta,Bertie,ebertieaz@sciencedirect.com,F,60
397,Nerty,Comsty,ncomstyb0@livejournal.com,F,20
398,Josee,Kingsmill,jkingsmillb1@imgur.com,F,34
399,Clarie,Jenney,cjenneyb2@tinyurl.com,F,51
400,Elijah,Mawditt,emawdittb3@weibo.com,M,44
401,Aubrie,Tynewell,atynewellb4@cam.ac.uk,F,22
402,Marguerite,Dudney,mdudneyb5@microsoft.com,F,44
403,Evy,Rossetti,erossettib6@themeforest.net,F,64
404,Nelia,Brimble,nbrimbleb7@domainmarket.com,F,25
405,Lon,Deane,ldeaneb8@mapquest.com,M,52
406,Kayle,Tabbitt,ktabbittb9@deviantart.com,F,51
407,Gibbie,Earie,gearieba@theglobeandmail.com,M,41
408,Ignaz,Lardier,ilardierbb@flickr.com,M,57
409,Bat,MacPeice,bmacpeicebc@networksolutions.com,M,77
410,Wiatt,McDill,wmcdillbd@wix.com,M,81
411,Suellen,Northbridge,snorthbridgebe@t-online.de,F,42
412,Silvia,Weson,swesonbf@csmonitor.com,F,40
413,Winifred,Leaney,wleaneybg@mysql.com,F,70
414,Jonell,Mead,jmeadbh@infoseek.co.jp,F,42
415,Paulie,Blouet,pblouetbi@yahoo.co.jp,F,54
416,Ware,Scrivener,wscrivenerbj@intel.com,M,23
417,Sissie,Mariner,smarinerbk@mashable.com,F,89
418,Michaelina,Fransemai,mfransemaibl@smugmug.com,F,28
419,Janean,Coan,jcoanbm@xing.com,F,58
420,Michele,Spata,mspatabn@paginegialle.it,M,29
421,Tedie,Shedden,tsheddenbo@amazon.com,M,89
422,Magdalene,McGillicuddy,mmcgillicuddybp@wp.com,F,36
423,Nevsa,Pinkney,npinkneybq@miitbeian.gov.cn,F,52
424,Moses,Amos,mamosbr@4shared.com,M,66
425,Abigael,Dahlbom,adahlbombs@tinyurl.com,F,22
426,Kathryn,Dixie,kdixiebt@google.pl,F,50
427,Scott,Gummie,sgummiebu@va.gov,M,46
428,Dyann,Lewer,dlewerbv@tripod.com,F,78
429,Lesli,Pavkovic,lpavkovicbw@mapy.cz,F,80
430,Candy,Witty,cwittybx@princeton.edu,F,66
431,Karlotta,Pattenden,kpattendenby@about.me,F,87
432,Abby,Cawthron,acawthronbz@google.ca,M,23
433,Helene,Hulk,hhulkc0@answers.com,F,41
434,Junette,Thorley,jthorleyc1@china.com.cn,F,64
435,Robenia,Weiser,rweiserc2@over-blog.com,F,85
436,Jammal,Davidai,jdavidaic3@over-blog.com,M,54
437,Demetris,Beefon,dbeefonc4@miitbeian.gov.cn,F,28
438,Berna,Gallahue,bgallahuec5@spiegel.de,F,53
439,Wells,Merryfield,wmerryfieldc6@va.gov,M,67
440,Annmaria,Spinola,aspinolac7@g.co,F,19
441,Blakeley,Loveday,blovedayc8@dropbox.com,F,42
442,Elsworth,Rathjen,erathjenc9@samsung.com,M,54
443,Culley,Parkman,cparkmanca@jiathis.com,M,59
444,Consolata,Cantrill,ccantrillcb@cpanel.net,F,45
445,Brooks,Steffan,bsteffancc@issuu.com,M,41
446,Marla,Philpault,mphilpaultcd@hhs.gov,F,45
447,Emyle,Sheehy,esheehyce@google.es,F,18
448,Hephzibah,Farney,hfarneycf@ca.gov,F,75
449,Caye,Arni,carnicg@1688.com,F,81
450,Maurizia,Willox,mwilloxch@nps.gov,F,70
451,Ryan,Cochrane,rcochraneci@a8.net,M,38
452,Nobie,Emms,nemmscj@archive.org,M,31
453,Penny,Burree,pburreeck@vinaora.com,M,47
454,Terrill,Grent,tgrentcl@hao123.com,M,58
455,Johann,Samudio,jsamudiocm@unicef.org,M,22
456,Weston,Medlar,wmedlarcn@aboutads.info,M,61
457,Remus,Rumsby,rrumsbyco@infoseek.co.jp,M,56
458,Leanna,Mainston,lmainstoncp@state.gov,F,31
459,Venita,Kinze,vkinzecq@wp.com,F,32
460,Nil,Greguoli,ngreguolicr@chronoengine.com,M,75
461,Rufe,Coolican,rcoolicancs@pen.io,M,40
462,Xaviera,Riche,xrichect@taobao.com,F,65
463,Alyce,Carrington,acarringtoncu@youtu.be,F,48
464,Romonda,Growy,rgrowycv@vinaora.com,F,48
465,Erin,Steventon,esteventoncw@yelp.com,F,89
466,Gertrudis,Brafield,gbrafieldcx@1und1.de,F,40
467,Willis,Woodfield,wwoodfieldcy@msn.com,M,26
468,Griswold,Slay,gslaycz@cbsnews.com,M,71
469,Katha,Graysmark,kgraysmarkd0@netscape.com,F,28
470,Hanson,Widdop,hwiddopd1@prnewswire.com,M,46
471,Pearle,Plascott,pplascottd2@symantec.com,F,42
472,Donnajean,Matysiak,dmatysiakd3@webmd.com,F,75
473,Eal,Bredes,ebredesd4@imdb.com,M,79
474,Raff,Jenyns,rjenynsd5@springer.com,M,67
475,Ikey,Vossing,ivossingd6@techcrunch.com,M,52
476,Natty,Bownd,nbowndd7@gizmodo.com,M,20
477,Vere,Dudenie,vdudenied8@discovery.com,F,80
478,August,Milner,amilnerd9@angelfire.com,M,74
479,Courtnay,Royl,croylda@godaddy.com,F,28
480,Erik,Fylan,efylandb@washingtonpost.com,M,69
481,Ginger,Tape,gtapedc@163.com,M,47
482,Sheila,MacGrath,smacgrathdd@rambler.ru,F,48
483,Nobie,Cowcha,ncowchade@eventbrite.com,M,58
484,Ramsey,Opy,ropydf@house.gov,M,52
485,Lula,Gaffer,lgafferdg@digg.com,F,30
486,Shandra,Lefeaver,slefeaverdh@desdev.cn,F,49
487,Naomi,Spinello,nspinellodi@arstechnica.com,F,50
488,Abey,Luckett,aluckettdj@hugedomains.com,M,30
489,Tanya,Gencke,tgenckedk@smugmug.com,F,86
490,Garek,Dongate,gdongatedl@godaddy.com,M,56
491,Dennison,Kohrt,dkohrtdm@topsy.com,M,73
492,Gilberto,Wallwood,gwallwooddn@census.gov,M,57
493,Scotti,Spikings,sspikingsdo@utexas.edu,M,41
494,Adler,Wardington,awardingtondp@networksolutions.com,M,25
495,Katy,Meffen,kmeffendq@psu.edu,F,87
496,Bryn,Bothe,bbothedr@ning.com,M,43
497,Taddeo,Muckeen,tmuckeends@toplist.cz,M,19
498,Arliene,Rippon,arippondt@1und1.de,F,73
499,Merilee,Ziehms,mziehmsdu@xrea.com,F,74
500,Eduard,Kelwaybamber,ekelwaybamberdv@howstuffworks.com,M,39
501,Sibbie,Maydwell,smaydwelldw@wikispaces.com,F,62
502,Bone,Gerrad,bgerraddx@bing.com,M,62
503,Lanita,Seargeant,lseargeantdy@walmart.com,F,64
504,Stormy,Olorenshaw,solorenshawdz@123-reg.co.uk,F,71
505,Waite,Johanning,wjohanninge0@shareasale.com,M,74
506,Daffie,Philpault,dphilpaulte1@xinhuanet.com,F,84
507,Loy,Camelin,lcameline2@paypal.com,M,89
508,Leticia,Picford,lpicforde3@barnesandnoble.com,F,73
509,Cordelia,Benzing,cbenzinge4@patch.com,F,24
510,Der,Shardlow,dshardlowe5@ifeng.com,M,20
511,Selia,Prangnell,sprangnelle6@usnews.com,F,59
512,Dorry,Bauser,dbausere7@state.gov,F,45
513,Milli,Skaife d'Ingerthorpe,mskaifedingerthorpee8@ehow.com,F,25
514,Veronique,Manneville,vmannevillee9@mtv.com,F,51
515,Korella,Baccup,kbaccupea@lulu.com,F,62
516,Todd,Arrighini,tarrighinieb@google.es,M,29
517,Garrek,Jouaneton,gjouanetonec@dropbox.com,M,59
518,Stephanus,Lante,slanteed@mozilla.org,M,31
519,Lars,Bassill,lbassillee@fc2.com,M,89
520,Temple,Mosedale,tmosedaleef@yale.edu,M,79
521,Merla,Cocher,mcochereg@bloglovin.com,F,26
522,Gennifer,Guiet,gguieteh@github.io,F,76
523,Cully,Mathet,cmathetei@vkontakte.ru,M,72
524,Val,Huddlestone,vhuddlestoneej@cafepress.com,M,35
525,Trent,De la Yglesia,tdelayglesiaek@paginegialle.it,M,18
526,Dwayne,Toft,dtoftel@elegantthemes.com,M,87
527,Tammie,Klauber,tklauberem@xing.com,F,50
528,Pamela,Farebrother,pfarebrotheren@examiner.com,F,89
529,Dur,Niessen,dniesseneo@moonfruit.com,M,78
530,Ros,Tukely,rtukelyep@privacy.gov.au,F,41
531,Barny,Jessope,bjessopeeq@tinyurl.com,M,26
532,Ollie,Franzotto,ofranzottoer@craigslist.org,M,62
533,Rock,Antonioni,rantonionies@is.gd,M,79
534,Dagmar,Stanworth,dstanworthet@imageshack.us,F,64
535,Syman,Mc Andrew,smcandreweu@bbb.org,M,24
536,Atalanta,Tuffin,atuffinev@sakura.ne.jp,F,72
537,Cecelia,Burr,cburrew@posterous.com,F,87
538,Denice,Swatten,dswattenex@jigsy.com,F,24
539,Linc,Stayt,lstaytey@about.me,M,80
540,Roda,Jimenez,rjimenezez@macromedia.com,F,55
541,Nicole,Shah,nshahf0@ifeng.com,F,62
542,Ced,Bax,cbaxf1@nature.com,M,83
543,Fernande,Slaughter,fslaughterf2@cornell.edu,F,42
544,Anallise,Hallet,ahalletf3@naver.com,F,68
545,Anissa,Sawl,asawlf4@cocolog-nifty.com,F,44
546,Brittaney,Ilyinykh,bilyinykhf5@businesswire.com,F,26
547,Matthias,Higgoe,mhiggoef6@kickstarter.com,M,62
548,Hatti,Oddie,hoddief7@desdev.cn,F,32
549,Randi,Costen,rcostenf8@nih.gov,M,65
550,Hanni,Boutellier,hboutellierf9@imdb.com,F,60
551,Jerry,Jira,jjirafa@biblegateway.com,F,57
552,Sadie,Spurling,sspurlingfb@ask.com,F,69
553,Johnathan,Sapir,jsapirfc@google.it,M,37
554,Prudi,Lorenzo,plorenzofd@amazon.co.jp,F,58
555,Sheena,Melato,smelatofe@cbsnews.com,F,35
556,Arturo,Philott,aphilottff@hc360.com,M,24
557,Melantha,Bott,mbottfg@friendfeed.com,F,89
558,Rafferty,Sego,rsegofh@cpanel.net,M,76
559,Cloris,Grewar,cgrewarfi@umn.edu,F,62
560,Des,Leneve,dlenevefj@jimdo.com,M,46
561,Camile,Hammerman,chammermanfk@cbsnews.com,F,57
562,Adore,Lesmonde,alesmondefl@woothemes.com,F,90
563,Gwynne,Wreath,gwreathfm@privacy.gov.au,F,82
564,Teddie,Mourant,tmourantfn@paypal.com,M,34
565,Allistir,Mirrlees,amirrleesfo@google.com.hk,M,64
566,Nissy,Sermin,nserminfp@amazonaws.com,F,43
567,Alessandra,McMurdo,amcmurdofq@yandex.ru,F,84
568,Alene,Gillings,agillingsfr@vinaora.com,F,44
569,Marv,Ogilvie,mogilviefs@cnbc.com,M,23
570,Thomasin,Champken,tchampkenft@ebay.co.uk,F,76
571,Ashton,Karpov,akarpovfu@list-manage.com,M,31
572,Dallas,Odger,dodgerfv@youtu.be,F,18
573,Sheila-kathryn,Rodgerson,srodgersonfw@npr.org,F,59
574,Almira,Rayson,araysonfx@cbsnews.com,F,58
575,Belvia,Jouhning,bjouhningfy@ask.com,F,36
576,Sheppard,Spata,sspatafz@dropbox.com,M,73
577,Ellwood,Keam,ekeamg0@huffingtonpost.com,M,45
578,Ryun,Robarts,rrobartsg1@ezinearticles.com,M,30
579,Eden,Guinn,eguinng2@cafepress.com,F,46
580,Luther,Dundridge,ldundridgeg3@statcounter.com,M,28
581,Fenelia,Netley,fnetleyg4@dailymotion.com,F,63
582,Way,Lyness,wlynessg5@usda.gov,M,27
583,Alva,Rahlof,arahlofg6@wikipedia.org,M,39
584,Westleigh,Hughs,whughsg7@mediafire.com,M,60
585,Berta,Osmond,bosmondg8@geocities.jp,F,60
586,Lynda,Dudleston,ldudlestong9@ycombinator.com,F,52
587,Alfonso,Gloyens,agloyensga@ebay.co.uk,M,73
588,Jacquenette,Healks,jhealksgb@usnews.com,F,83
589,Jerry,Silcocks,jsilcocksgc@google.es,F,82
590,Mohammed,Schoroder,mschorodergd@princeton.edu,M,26
591,Derrek,Cockney,dcockneyge@last.fm,M,52
592,Wendeline,Legen,wlegengf@hao123.com,F,89
593,Yetta,Zamora,yzamoragg@posterous.com,F,37
594,Shanan,Matyas,smatyasgh@time.com,M,76
595,Maximilian,Rosenblad,mrosenbladgi@omniture.com,M,73
596,Pamella,McKane,pmckanegj@globo.com,F,32
597,Lizzie,Buffey,lbuffeygk@tmall.com,F,31
598,Orly,Sorel,osorelgl@discuz.net,F,64
599,Myles,Jacox,mjacoxgm@addthis.com,M,30
600,Adore,Dresser,adressergn@hud.gov,F,82
601,Milty,Scurry,mscurrygo@drupal.org,M,64
602,Edythe,Girodon,egirodongp@plala.or.jp,F,27
603,Alexia,Cuseick,acuseickgq@so-net.ne.jp,F,72
604,Lianna,Condy,lcondygr@angelfire.com,F,76
605,Hart,Vicker,hvickergs@4shared.com,M,67
606,Solomon,Ruf,srufgt@jimdo.com,M,84
607,Keefe,Secret,ksecretgu@marriott.com,M,69
608,Jamesy,Warriner,jwarrinergv@hugedomains.com,M,69
609,Roxy,Poundford,rpoundfordgw@cornell.edu,F,25
610,Myrvyn,Waylen,mwaylengx@netscape.com,M,61
611,Johnny,Hearn,jhearngy@si.edu,M,55
612,Concordia,Moyle,cmoylegz@illinois.edu,F,87
613,Kirstin,Nunnerley,knunnerleyh0@list-manage.com,F,48
614,Rowe,Weekley,rweekleyh1@hostgator.com,F,70
615,Noelyn,Errey,nerreyh2@arizona.edu,F,56
616,Elka,Ghidelli,eghidellih3@chronoengine.com,F,57
617,Anny,McKeggie,amckeggieh4@hatena.ne.jp,F,19
618,Nate,Fosberry,nfosberryh5@reuters.com,M,84
619,Lyman,Tattershaw,ltattershawh6@virginia.edu,M,78
620,Cicily,Matuska,cmatuskah7@cornell.edu,F,20
621,Tracee,Ateggart,tateggarth8@scientificamerican.com,F,46
622,Rosemonde,Hendrichs,rhendrichsh9@java.com,F,53
623,Elbertina,Matteucci,ematteucciha@icq.com,F,85
624,Kimmy,Sandeland,ksandelandhb@oaic.gov.au,F,48
625,Regan,Wones,rwoneshc@sfgate.com,M,74
626,Blanche,Biggins,bbigginshd@ning.com,F,42
627,Olimpia,Gatherell,ogatherellhe@cloudflare.com,F,19
628,Fritz,Cokely,fcokelyhf@chron.com,M,39
629,Ruby,McClory,rmccloryhg@constantcontact.com,F,25
630,Marlie,Geeritz,mgeeritzhh@npr.org,F,25
631,Jackie,Cristol,jcristolhi@google.com.au,F,59
632,Farris,Stanyon,fstanyonhj@dailymail.co.uk,M,25
633,Berkeley,Mitkcov,bmitkcovhk@google.co.uk,M,68
634,Jacquelynn,Lassell,jlassellhl@businessweek.com,F,18
635,Ignaz,Fentem,ifentemhm@nba.com,M,62
636,Fons,Mylan,fmylanhn@salon.com,M,37
637,Jose,Buxsey,jbuxseyho@adobe.com,M,23
638,Ximenez,Dominiak,xdominiakhp@economist.com,M,21
639,Dunstan,Bagniuk,dbagniukhq@mlb.com,M,53
640,Aloin,Klaaassen,aklaaassenhr@over-blog.com,M,72
641,Reinaldos,Feathers,rfeathershs@sakura.ne.jp,M,83
642,Candra,Howison,chowisonht@w3.org,F,66
643,Marta,Radke,mradkehu@zdnet.com,F,70
644,Golda,Sustins,gsustinshv@yellowbook.com,F,47
645,Caprice,Dellenbroker,cdellenbrokerhw@msn.com,F,86
646,Chrotoem,Pregal,cpregalhx@go.com,M,76
647,Sherlocke,Gleaves,sgleaveshy@hugedomains.com,M,30
648,Milo,Kinvig,mkinvighz@opensource.org,M,61
649,Lyndsay,Iannello,liannelloi0@sciencedirect.com,F,64
650,Kenton,Minichillo,kminichilloi1@jiathis.com,M,64
651,Geri,Brazenor,gbrazenori2@joomla.org,M,87
652,Rawley,Angric,rangrici3@newyorker.com,M,60
653,Diahann,Jertz,djertzi4@prweb.com,F,52
654,Cordy,Lafranconi,clafranconii5@bigcartel.com,F,29
655,Kylila,Veltman,kveltmani6@mediafire.com,F,27
656,Rudiger,Spleving,rsplevingi7@go.com,M,68
657,Bobby,Shorrock,bshorrocki8@oakley.com,M,37
658,Gary,Sharply,gsharplyi9@nasa.gov,M,53
659,Thomas,Oattes,toattesia@twitpic.com,M,32
660,Dody,Metrick,dmetrickib@gov.uk,F,28
661,Chad,Scrigmour,cscrigmouric@dropbox.com,F,29
662,Kirsti,Grimolbie,kgrimolbieid@pinterest.com,F,72
663,Laney,Garioch,lgariochie@cdc.gov,M,54
664,Jorey,Mattiato,jmattiatoif@craigslist.org,F,48
665,Breanne,Iacomo,biacomoig@wix.com,F,32
666,Aurora,Windridge,awindridgeih@reference.com,F,23
667,Patricia,Flindall,pflindallii@hao123.com,F,31
668,Kleon,Antwis,kantwisij@aboutads.info,M,21
669,Janka,Torricella,jtorricellaik@unesco.org,F,46
670,Jacquelynn,Joynt,jjoyntil@friendfeed.com,F,49
671,Robenia,Ciobutaru,rciobutaruim@goodreads.com,F,53
672,Marleah,Masseo,mmasseoin@newyorker.com,F,69
673,Stoddard,Kuban,skubanio@constantcontact.com,F,88
674,Rene,Widdall,rwiddallip@epa.gov,M,18
675,Cash,Baccas,cbaccasiq@meetup.com,M,51
676,Toddie,Edgeson,tedgesonir@ifeng.com,M,59
677,Brittan,Poppy,bpoppyis@sakura.ne.jp,F,72
678,Cristine,Le Ball,cleballit@ycombinator.com,F,53
679,Jethro,Beckson,jbecksoniu@irs.gov,M,36
680,Kirsteni,Ruppele,kruppeleiv@privacy.gov.au,F,30
681,Val,Middlemass,vmiddlemassiw@canalblog.com,F,75
682,Hermina,Ceccoli,hceccoliix@va.gov,F,90
683,Norbert,Borsi,nborsiiy@topsy.com,M,74
684,Nalani,Ruckhard,nruckhardiz@printfriendly.com,F,58
685,Kinnie,Gaskall,kgaskallj0@baidu.com,M,40
686,Yehudit,Mackstead,ymacksteadj1@narod.ru,M,29
687,Ania,Milhench,amilhenchj2@sina.com.cn,F,43
688,Latashia,Dublin,ldublinj3@google.co.uk,F,43
689,Grantham,Kulic,gkulicj4@msn.com,M,74
690,Catlin,Emblen,cemblenj5@imageshack.us,F,65
691,Archibaldo,Clemmey,aclemmeyj6@marriott.com,M,44
692,Hilario,Oats,hoatsj7@freewebs.com,M,87
693,Silvio,Krates,skratesj8@sina.com.cn,M,31
694,Dionisio,Dinnington,ddinningtonj9@nyu.edu,M,83
695,Gustie,Blaymires,gblaymiresja@soup.io,F,21
696,Gery,Alessandone,galessandonejb@e-recht24.de,M,23
697,Dallas,Scoines,dscoinesjc@a8.net,M,28
698,Collie,Vlasenko,cvlasenkojd@prnewswire.com,F,31
699,Trev,Warboys,twarboysje@google.fr,M,60
700,Roderich,Brandes,rbrandesjf@last.fm,M,41
701,Dolorita,Pidgeon,dpidgeonjg@opensource.org,F,83
702,Celine,Berzons,cberzonsjh@bravesites.com,F,23
703,Adair,Jessop,ajessopji@yahoo.com,M,57
704,Jasen,Christophers,jchristophersjj@merriam-webster.com,M,78
705,Trudey,McIlmorow,tmcilmorowjk@live.com,F,20
706,Caralie,Dryburgh,cdryburghjl@adobe.com,F,40
707,Coreen,Hould,chouldjm@newyorker.com,F,90
708,Isidor,Bottoms,ibottomsjn@shinystat.com,M,76
709,Bernie,Portriss,bportrissjo@google.fr,M,57
710,Kari,Gaskill,kgaskilljp@photobucket.com,F,39
711,Mikol,Ten Broek,mtenbroekjq@sina.com.cn,M,89
712,West,Michieli,wmichielijr@ihg.com,M,52
713,Lanae,Gierok,lgierokjs@de.vu,F,81
714,Anjanette,Leworthy,aleworthyjt@com.com,F,59
715,Curtice,Halfhead,chalfheadju@csmonitor.com,M,54
716,Rebekkah,Mila,rmilajv@google.de,F,71
717,Mallissa,Lefeaver,mlefeaverjw@elegantthemes.com,F,71
718,Anjela,Dorling,adorlingjx@a8.net,F,87
719,Massimiliano,Popplewell,mpopplewelljy@elpais.com,M,33
720,Lacey,Haggath,lhaggathjz@last.fm,F,20
721,Mikaela,Druhan,mdruhank0@ucla.edu,F,38
722,Nelia,Treadger,ntreadgerk1@pinterest.com,F,87
723,Ariel,Etchell,aetchellk2@studiopress.com,M,66
724,Grannie,Hinnerk,ghinnerkk3@taobao.com,M,55
725,Raffaello,Ciobotaro,rciobotarok4@usgs.gov,M,20
726,Wells,Sommerville,wsommervillek5@hibu.com,M,77
727,Clark,Carff,ccarffk6@businessinsider.com,M,75
728,Mattie,Tythacott,mtythacottk7@phoca.cz,F,19
729,Tatiania,Maple,tmaplek8@usda.gov,F,31
730,Stavros,Dundendale,sdundendalek9@prweb.com,M,40
731,Kimmi,Duce,kduceka@indiegogo.com,F,75
732,Angelo,Fisby,afisbykb@reverbnation.com,M,40
733,Cher,Twort,ctwortkc@sfgate.com,F,27
734,Brynne,Laxson,blaxsonkd@google.it,F,53
735,Angelico,Matyugin,amatyuginke@merriam-webster.com,M,76
736,Haze,Teenan,hteenankf@state.tx.us,M,72
737,Silvia,Costanza,scostanzakg@pen.io,F,84
738,Rouvin,Fawckner,rfawcknerkh@alexa.com,M,21
739,Gerry,Blamey,gblameyki@admin.ch,M,84
740,Stafani,Penlington,spenlingtonkj@examiner.com,F,42
741,Lefty,Rabbet,lrabbetkk@wiley.com,M,55
742,Cyndie,Curness,ccurnesskl@trellian.com,F,39
743,Court,Keijser,ckeijserkm@jalbum.net,M,61
744,Daveta,Betton,dbettonkn@yellowbook.com,F,58
745,Bord,Gamon,bgamonko@ezinearticles.com,M,80
746,Yulma,Verbrugge,yverbruggekp@g.co,M,50
747,Christie,Eustis,ceustiskq@webeden.co.uk,M,57
748,Marijn,Morstatt,mmorstattkr@nhs.uk,M,62
749,Samuel,Saunton,ssauntonks@google.com.hk,M,35
750,Madalyn,Fox,mfoxkt@dailymail.co.uk,F,41
751,Jessa,Blacktin,jblacktinku@about.me,F,33
752,Conrad,Macek,cmacekkv@de.vu,M,71
753,Jarret,Busch,jbuschkw@ft.com,M,81
754,Alex,Wemyss,awemysskx@histats.com,M,86
755,Ingunna,Canter,icanterky@ftc.gov,F,40
756,Adina,Pays,apayskz@google.com.au,F,72
757,Emmaline,Franses,efransesl0@howstuffworks.com,F,71
758,Marten,Robard,mrobardl1@phoca.cz,M,70
759,Luca,Gunthorp,lgunthorpl2@hostgator.com,M,34
760,Toni,Wraxall,twraxalll3@wikia.com,F,20
761,Clovis,Ackroyd,cackroydl4@salon.com,F,49
762,Marion,Gyver,mgyverl5@rakuten.co.jp,F,38
763,Ollie,Shirley,oshirleyl6@nhs.uk,F,32
764,Karil,Gery,kgeryl7@goo.gl,F,66
765,Flint,Greville,fgrevillel8@istockphoto.com,M,48
766,Gerhardt,Parkes,gparkesl9@behance.net,M,46
767,Mac,Eyes,meyesla@livejournal.com,M,84
768,Maxwell,Warsap,mwarsaplb@xing.com,M,78
769,Verla,McClelland,vmcclellandlc@bloglines.com,F,43
770,Van,Critten,vcrittenld@fc2.com,M,36
771,Dallis,Blakeden,dblakedenle@ycombinator.com,M,51
772,Valina,Holyard,vholyardlf@4shared.com,F,32
773,Carmelina,Spalls,cspallslg@who.int,F,87
774,Krispin,Nadin,knadinlh@dot.gov,M,28
775,Shir,Rogez,srogezli@upenn.edu,F,19
776,Leif,Alennikov,lalennikovlj@cdbaby.com,M,28
777,Zeke,Drepp,zdrepplk@sciencedirect.com,M,85
778,Wilhelmine,Haddleton,whaddletonll@4shared.com,F,70
779,Giordano,Swaden,gswadenlm@dagondesign.com,M,76
780,Tabbatha,Kinkead,tkinkeadln@tripod.com,F,87
781,Sammy,Wellsman,swellsmanlo@github.io,F,89
782,Abra,Gwillyam,agwillyamlp@1688.com,F,61
783,Melesa,Neiland,mneilandlq@ibm.com,F,79
784,Vanna,Wreath,vwreathlr@marketwatch.com,F,81
785,Emlen,Ratie,eratiels@joomla.org,M,25
786,Bertina,Sarfass,bsarfasslt@fc2.com,F,69
787,Glennis,Acosta,gacostalu@xinhuanet.com,F,26
788,Harriette,Lamont,hlamontlv@ebay.co.uk,F,29
789,Welbie,Landrieu,wlandrieulw@theatlantic.com,M,53
790,Will,MacCosty,wmaccostylx@yandex.ru,M,66
791,Bordy,Govier,bgovierly@gmpg.org,M,40
792,Drucill,Showalter,dshowalterlz@cnn.com,F,81
793,Mirilla,Dunridge,mdunridgem0@hibu.com,F,81
794,Alane,Barthod,abarthodm1@dagondesign.com,F,66
795,Shellysheldon,Tremethack,stremethackm2@yahoo.com,M,90
796,Alyosha,Dreier,adreierm3@joomla.org,M,89
797,Bernie,Berthouloume,bberthouloumem4@nbcnews.com,M,22
798,Faina,Skinn,fskinnm5@yelp.com,F,72
799,Loni,Peebles,lpeeblesm6@redcross.org,F,64
800,Darnell,MacQuist,dmacquistm7@yellowbook.com,M,62
801,Dosi,Spellsworth,dspellsworthm8@netvibes.com,F,46
802,Maitilde,Iacomo,miacomom9@bbc.co.uk,F,74
803,Ryley,Simeoni,rsimeonima@house.gov,M,37
804,Arney,Abele,aabelemb@gnu.org,M,49
805,Brooke,Swallow,bswallowmc@boston.com,F,58
806,Daryle,Kemetz,dkemetzmd@slashdot.org,M,34
807,Misha,Arndt,marndtme@usgs.gov,F,74
808,Maurie,Mogridge,mmogridgemf@ucoz.com,M,41
809,Cati,Tomasini,ctomasinimg@ocn.ne.jp,F,21
810,Christalle,Pegg,cpeggmh@liveinternet.ru,F,52
811,Peggi,Lafaye,plafayemi@sun.com,F,55
812,Delaney,Ratt,drattmj@about.com,M,53
813,Marsh,Hanbidge,mhanbidgemk@time.com,M,21
814,Delmer,Vedntyev,dvedntyevml@tmall.com,M,26
815,Mareah,Camacke,mcamackemm@fc2.com,F,82
816,Delmore,Tallach,dtallachmn@sun.com,M,54
817,Cecile,MacNeilley,cmacneilleymo@yelp.com,F,72
818,Petra,Attock,pattockmp@live.com,F,34
819,Cyrillus,Bewicke,cbewickemq@sbwire.com,M,58
820,Ray,Dysart,rdysartmr@nhs.uk,F,86
821,Isis,Bodley,ibodleyms@flavors.me,F,77
822,Calv,Maber,cmabermt@comcast.net,M,63
823,Marni,Hebburn,mhebburnmu@google.ru,F,76
824,Joli,Brixey,jbrixeymv@ocn.ne.jp,F,35
825,Patrizio,Janecki,pjaneckimw@tuttocitta.it,M,57
826,Ardella,Belvard,abelvardmx@imgur.com,F,21
827,Marsha,Morfield,mmorfieldmy@qq.com,F,60
828,Rosene,Druce,rdrucemz@ted.com,F,89
829,Wilfrid,Byham,wbyhamn0@wikipedia.org,M,82
830,Gael,Starte,gstarten1@addthis.com,F,37
831,Verile,Poor,vpoorn2@4shared.com,F,45
832,Jenifer,Smetoun,jsmetounn3@behance.net,F,39
833,Melodie,Lantaph,mlantaphn4@github.io,F,43
834,Libbie,Lacoste,llacosten5@histats.com,F,33
835,Cobb,Holbury,cholburyn6@comcast.net,M,30
836,Morton,Northcote,mnorthcoten7@twitter.com,M,23
837,Joni,Matveichev,jmatveichevn8@prnewswire.com,F,84
838,Dulciana,Clifford,dcliffordn9@indiegogo.com,F,40
839,Jania,Kilmaster,jkilmasterna@unc.edu,F,21
840,Bastien,Shrimplin,bshrimplinnb@naver.com,M,21
841,Rosette,Rapa,rrapanc@google.nl,F,68
842,Mignonne,Legate,mlegatend@oaic.gov.au,F,90
843,Trumann,Seeler,tseelerne@merriam-webster.com,M,61
844,Livvie,Wayte,lwaytenf@huffingtonpost.com,F,76
845,Aretha,Aubry,aaubryng@icq.com,F,20
846,Eliza,Hanbidge,ehanbidgenh@ow.ly,F,82
847,Kelsy,Beniesh,kbenieshni@creativecommons.org,F,31
848,Germain,Coldman,gcoldmannj@mapy.cz,F,66
849,Rivi,Tanti,rtantink@apple.com,F,66
850,Igor,Corradino,icorradinonl@dagondesign.com,M,23
851,Burtie,Cestard,bcestardnm@miibeian.gov.cn,M,27
852,Kamila,Shorte,kshortenn@accuweather.com,F,27
853,Anjela,Whytock,awhytockno@chicagotribune.com,F,77
854,Tristam,Capelle,tcapellenp@wix.com,M,86
855,Giffy,Greenhaugh,ggreenhaughnq@mlb.com,M,89
856,Annabelle,Edworthy,aedworthynr@bluehost.com,F,50
857,Dyann,Abbis,dabbisns@loc.gov,F,58
858,Cheslie,Mehaffey,cmehaffeynt@google.com.hk,F,82
859,Vivia,Tousey,vtouseynu@sitemeter.com,F,89
860,Gayler,Lilywhite,glilywhitenv@rediff.com,M,80
861,Collin,Surtees,csurteesnw@deviantart.com,M,84
862,Angil,Narracott,anarracottnx@jugem.jp,F,47
863,Englebert,Covendon,ecovendonny@opensource.org,M,76
864,Cinda,Spitell,cspitellnz@facebook.com,F,29
865,Isidor,Matyushkin,imatyushkino0@phoca.cz,M,35
866,Herrick,Druce,hdruceo1@omniture.com,M,58
867,Egon,Hynd,ehyndo2@diigo.com,M,43
868,Byrle,Jewster,bjewstero3@wufoo.com,M,89
869,Rickert,Saller,rsallero4@nih.gov,M,43
870,Wylma,Buckerfield,wbuckerfieldo5@bbc.co.uk,F,60
871,Sigismund,Fantin,sfantino6@cnet.com,M,87
872,Tobye,Barrott,tbarrotto7@woothemes.com,F,78
873,Darsey,Garbar,dgarbaro8@goo.ne.jp,F,67
874,Hersh,Govern,hgoverno9@ucla.edu,M,85
875,Cynthy,Snufflebottom,csnufflebottomoa@amazon.de,F,18
876,Alyse,Eyton,aeytonob@google.pl,F,27
877,Pammy,Twinterman,ptwintermanoc@goo.gl,F,51
878,Birgitta,Fourmy,bfourmyod@ehow.com,F,76
879,Lonee,Blacktin,lblacktinoe@google.es,F,29
880,Beau,Lawling,blawlingof@archive.org,M,77
881,Edith,Manueau,emanueauog@dailymail.co.uk,F,28
882,Ailsun,Cleere,acleereoh@gov.uk,F,32
883,Caldwell,Marryatt,cmarryattoi@foxnews.com,M,54
884,Monica,Bohlens,mbohlensoj@cyberchimps.com,F,69
885,Morley,Howsin,mhowsinok@wsj.com,M,44
886,Elsworth,Huxtable,ehuxtableol@topsy.com,M,77
887,L;urette,Meriel,lmerielom@forbes.com,F,49
888,Anson,Victory,avictoryon@weather.com,M,36
889,Branden,Busch,bbuschoo@redcross.org,M,63
890,Nicky,Endrici,nendriciop@cbc.ca,F,88
891,Nicol,Lantaph,nlantaphoq@sbwire.com,M,29
892,Christoforo,Gymlett,cgymlettor@mit.edu,M,46
893,Dennis,Andryushin,dandryushinos@a8.net,M,80
894,Marijn,Montacute,mmontacuteot@salon.com,M,77
895,Kent,Botfield,kbotfieldou@rediff.com,M,31
896,Kamila,Gooderham,kgooderhamov@europa.eu,F,86
897,Chery,Barbrick,cbarbrickow@engadget.com,F,22
898,Taddeo,Dufoure,tdufoureox@amazon.co.jp,M,46
899,Carmina,Barks,cbarksoy@miibeian.gov.cn,F,68
900,Briano,Pashen,bpashenoz@xinhuanet.com,M,20
901,Erastus,Bodsworth,ebodsworthp0@indiatimes.com,M,21
902,Shel,Dimitru,sdimitrup1@mashable.com,F,51
903,Herbie,Plaschke,hplaschkep2@istockphoto.com,M,46
904,Sindee,Yitzovitz,syitzovitzp3@hexun.com,F,34
905,Yorgo,Toland,ytolandp4@blogspot.com,M,23
906,Clark,Warder,cwarderp5@mozilla.org,M,37
907,Basile,Earthfield,bearthfieldp6@oaic.gov.au,M,37
908,Sawyere,Whipp,swhippp7@sbwire.com,M,83
909,Izaak,Gayne,igaynep8@unesco.org,M,78
910,Corabella,Altofts,caltoftsp9@chron.com,F,62
911,Elinore,Sail,esailpa@ihg.com,F,30
912,Neron,Wilcock,nwilcockpb@apache.org,M,40
913,Pattie,Font,pfontpc@imgur.com,F,19
914,Flinn,Kyttor,fkyttorpd@list-manage.com,M,21
915,Jacquetta,Rubra,jrubrape@noaa.gov,F,75
916,Reinwald,Allans,rallanspf@sourceforge.net,M,84
917,Duncan,Needs,dneedspg@archive.org,M,45
918,Nell,Noni,nnoniph@squarespace.com,F,56
919,Michele,Hedan,mhedanpi@ucsd.edu,F,36
920,Paige,Tesyro,ptesyropj@bandcamp.com,M,55
921,Nevil,Thiese,nthiesepk@wunderground.com,M,21
922,Crissie,Pedrocchi,cpedrocchipl@angelfire.com,F,84
923,Ronalda,Nary,rnarypm@columbia.edu,F,48
924,Philip,Kennefick,pkennefickpn@upenn.edu,M,89
925,Hamil,Longland,hlonglandpo@reuters.com,M,25
926,Olin,Hammand,ohammandpp@sakura.ne.jp,M,58
927,Sascha,Imm,simmpq@wix.com,M,73
928,Ammamaria,McArthur,amcarthurpr@mysql.com,F,22
929,Jeniffer,Daunay,jdaunayps@dot.gov,F,30
930,Elie,Luno,elunopt@nhs.uk,F,34
931,Jonell,Schnieder,jschniederpu@apple.com,F,19
932,Jess,Mindenhall,jmindenhallpv@nps.gov,F,71
933,Wylma,Isles,wislespw@discuz.net,F,71
934,Bernard,Baudain,bbaudainpx@surveymonkey.com,M,40
935,Bea,Millthorpe,bmillthorpepy@printfriendly.com,F,51
936,Oberon,Frondt,ofrondtpz@oaic.gov.au,M,70
937,Theodor,Batham,tbathamq0@furl.net,M,27
938,Aridatha,Ygou,aygouq1@plala.or.jp,F,73
939,Vivi,McCauley,vmccauleyq2@google.cn,F,54
940,Nedda,Collacombe,ncollacombeq3@wikipedia.org,F,61
941,Pryce,McFall,pmcfallq4@meetup.com,M,21
942,Shelba,Denisyev,sdenisyevq5@ed.gov,F,29
943,Drugi,Cheshire,dcheshireq6@ucoz.ru,M,19
944,Kip,Eschelle,keschelleq7@census.gov,M,75
945,Else,Rosterne,erosterneq8@google.ru,F,82
946,Egon,Cholonin,echoloninq9@wikia.com,M,34
947,Laurene,Stockell,lstockellqa@intel.com,F,80
948,Olga,Pretswell,opretswellqb@washington.edu,F,39
949,Herrick,Goadby,hgoadbyqc@amazon.co.jp,M,80
950,Padraig,Mushrow,pmushrowqd@omniture.com,M,85
951,Ellie,Allaway,eallawayqe@drupal.org,F,89
952,Nye,Wakerley,nwakerleyqf@tinypic.com,M,82
953,Frazier,Adriaens,fadriaensqg@weebly.com,M,55
954,Derrik,Langhor,dlanghorqh@ted.com,M,73
955,Lucho,Jacob,ljacobqi@bravesites.com,M,63
956,Salvador,Filov,sfilovqj@netlog.com,M,77
957,Myrle,Maginn,mmaginnqk@hud.gov,F,43
958,Corilla,Arnopp,carnoppql@usatoday.com,F,44
959,Dal,Porker,dporkerqm@yolasite.com,M,70
960,Caldwell,Radden,craddenqn@linkedin.com,M,67
961,Sheff,Bartalin,sbartalinqo@ehow.com,M,64
962,Almeria,Obey,aobeyqp@wp.com,F,72
963,Cody,Capell,ccapellqq@army.mil,M,27
964,Morena,Chapelle,mchapelleqr@webs.com,F,22
965,Thorin,Winfred,twinfredqs@princeton.edu,M,60
966,Gabi,Simonetti,gsimonettiqt@smugmug.com,M,18
967,Harp,Mawer,hmawerqu@com.com,M,67
968,Kittie,Randales,krandalesqv@answers.com,F,60
969,Mariel,Duckett,mduckettqw@jalbum.net,F,30
970,Orren,Sacher,osacherqx@amazonaws.com,M,49
971,Cristabel,Escalante,cescalanteqy@ow.ly,F,88
972,Annis,Surgison,asurgisonqz@simplemachines.org,F,74
973,Chan,Asple,caspler0@hc360.com,M,56
974,Tymon,Hawe,thawer1@noaa.gov,M,30
975,Sumner,Govern,sgovernr2@slate.com,M,76
976,Lira,Alwood,lalwoodr3@netvibes.com,F,34
977,Umberto,Bachnic,ubachnicr4@homestead.com,M,49
978,Warner,Loader,wloaderr5@list-manage.com,M,51
979,Corrina,Collison,ccollisonr6@tmall.com,F,81
980,Haily,Emnoney,hemnoneyr7@rediff.com,F,79
981,Gaspar,Pennone,gpennoner8@tinypic.com,M,87
982,Ianthe,Powdrell,ipowdrellr9@delicious.com,F,69
983,Kristy,Caswall,kcaswallra@google.ru,F,23
984,Lita,Gladdolph,lgladdolphrb@cocolog-nifty.com,F,86
985,Elliott,Stoddard,estoddardrc@noaa.gov,M,29
986,Christian,Hyman,chymanrd@oaic.gov.au,F,62
987,Emmeline,Dewer,edewerre@list-manage.com,F,26
988,Tess,Melody,tmelodyrf@yahoo.com,F,19
989,Candis,Honig,chonigrg@hp.com,F,33
990,Chrisse,Monan,cmonanrh@reference.com,M,72
991,Abdel,Tilsley,atilsleyri@sakura.ne.jp,M,80
992,Barbey,Arton,bartonrj@senate.gov,F,22
993,Clem,Crossan,ccrossanrk@mozilla.com,M,48
994,Iago,Damato,idamatorl@xing.com,M,76
995,Giff,Aldins,galdinsrm@google.com.au,M,43
996,Yorgo,Deery,ydeeryrn@cloudflare.com,M,41
997,Phil,Freyne,pfreynero@sciencedaily.com,M,23
998,Fredek,Kavanagh,fkavanaghrp@nba.com,M,51
999,Manda,Limeburn,mlimeburnrq@census.gov,F,61
1000,Ilysa,Antos,iantosrr@ustream.tv,F,90
